<?xml version="1.0" encoding="UTF-8"?>
<configuration>
    <!-- Define the log file name and path -->
    <property name="LOG_FILE" value="logs/employee.log" />

    <!-- Console appender -->
    <appender name="CONSOLE" class="ch.qos.logback.core.ConsoleAppender">
        <encoder>
            <pattern>%d{yyyy-MM-dd HH:mm:ss} %-5level %logger{36} - %msg%n</pattern>
        </encoder>
    </appender>

<!--    <appender name="jsonEncoder" class="ch.qos.logback.core.ConsoleAppender">-->
<!--        <encoder class="ch.qos.logback.classic.encoder.JsonEncoder"/>-->
<!--    </appender>-->

    <!-- File appender -->
    <appender name="FILE" class="ch.qos.logback.core.FileAppender">
        <file>${LOG_FILE}</file>
        <encoder>
            <pattern>%d{yyyy-MM-dd HH:mm:ss} %-5level %logger{36} - %msg%n</pattern>
        </encoder>
    </appender>

    <!-- Define the root logger -->
    <root level="INFO">
        <appender-ref ref="CONSOLE" />
        <appender-ref ref="FILE" />
<!--        <appender-ref ref="jsonEncoder" />-->
    </root>
</configuration>
