<?xml version="1.0"?>
<doc>
    <assembly>
        <name>Apollo.Web.Api</name>
    </assembly>
    <members>
        <member name="T:Apollo.Web.Api.ActionFilter.ValidatorActionFilter">
            <summary>
            This class is needed to make the FluentValidation work in .Net core
            This action filter responsible in responding 400 status if there's a validation error
            </summary>
        </member>
        <member name="T:Apollo.Web.Api.Middleware.ApiLoggingMiddleware">
            https://salslab.com/a/safely-logging-api-requests-and-responses-in-asp-net-core  - Implement sagfe logging
        </member>
        <member name="M:Apollo.Web.Api.Startup.ConfigureServices(Microsoft.Extensions.DependencyInjection.IServiceCollection)">
            configure service provider
        </member>
    </members>
</doc>
